papel,segmento,cotacao,ffo_yield,dividend_yield,p_vp,valor_mercado,liquidez,qtd_imovel,preco_m2,aluguel_m2,cap_rate,vacancia_media
AAZQ11,Títulos e Val. Mob.,8.98,12.89,15.5,0.93,215855000.0,1075100.0,0,0.0,0.0,0.0,0.0
ABCP11,Shoppings,72.19,9.11,8.5,0.79,339949000.0,63125.0,1,4760.92,747.5,15.7,2.13
AEFI11,Outros,174.9,8.66,0.0,1.22,411893000.0,0.0,7,4305.0,380.97,8.85,0.0
AFCR11,Títulos e Val. Mob.,103.15,4.41,0.0,1.02,394422000.0,0.0,0,0.0,0.0,0.0,0.0
AFHI11,Títulos e Val. Mob.,100.98,10.87,11.68,1.05,337586000.0,1064800.0,0,0.0,0.0,0.0,0.0
AFOF11,Títulos e Val. Mob.,91.6,4.35,0.0,1.05,139054000.0,0.0,0,0.0,0.0,0.0,0.0
AGCX11,Outros,1235.5,0.9,0.0,11.49,14317200000.0,0.0,54,190439.0,1929.88,1.01,1.21
AGRX11,Híbrido,11.06,11.84,14.96,1.09,109299000.0,396616.0,0,0.0,0.0,0.0,0.0
AIEC11,Lajes Corporativas,55.8,18.31,17.53,0.59,269234000.0,776213.0,2,11217.0,2358.78,21.03,0.0
AJFI11,Títulos e Val. Mob.,9.66,0.0,0.72,1.0,305507000.0,1099150.0,0,0.0,0.0,0.0,0.0
ALMI11,Lajes Corporativas,690.0,3.71,0.0,0.34,76712100.0,16355.0,1,4291200.0,499324.53,11.64,94.01
ALZM11,Títulos e Val. Mob.,8.74,45.61,11.06,0.1,13267800.0,201707.0,0,0.0,0.0,0.0,0.0
ALZR11,Híbrido,119.54,6.75,7.78,1.12,1178710000.0,1718200.0,13,5927.09,377.38,6.37,3.2
ANCR11B,Shoppings,3221.0,12.04,1.9,0.82,1530990000.0,781.0,5,7540.39,1267.6,16.81,4.42
APTO11,Híbrido,9.75,11.91,11.55,0.94,39125400.0,34524.0,4,17641.9,1321.66,7.49,0.0
APXM11,Híbrido,100.49,3.27,1.94,1.05,176862000.0,580696.0,1,1704.44,37.34,2.19,92.0
ARCT11,Híbrido,87.13,12.85,0.45,0.86,323093000.0,0.0,11,1034.13,112.0,10.83,0.0
AROA11,Outros,1.52,1.52,0.39,1.43,255249000.0,24122.0,6,5668.4,128.03,2.26,0.0
ARRI11,Títulos e Val. Mob.,8.98,9.27,12.72,1.0,117245000.0,274139.0,0,0.0,0.0,0.0,0.0
ARXD11,Títulos e Val. Mob.,97.5,4.83,8.34,0.99,63852300.0,210022.0,0,0.0,0.0,0.0,0.0
ASMT11,Híbrido,57.0,7.86,2.66,0.67,57987000.0,15755.0,3,5275.98,751.13,14.24,0.0
ASRF11,Híbrido,10092.0,3.8,0.0,1.0,24220800.0,0.0,0,0.0,0.0,0.0,0.0
ATSA11,Shoppings,54.42,0.38,0.18,0.67,95297100.0,730.0,1,2786.78,24.03,0.86,20.15
AURB11,Logística,95.0,5.77,0.0,1.15,83653200.0,304876.0,2,2385.08,159.76,6.7,10.4
BARI11,Títulos e Val. Mob.,83.96,8.87,10.49,0.87,389087000.0,769871.0,1,0.0,0.0,0.0,0.0
BBFI11B,Lajes Corporativas,1203.0,19.27,12.5,0.56,156390000.0,303974.0,2,1700.1,372.63,21.92,39.29
BBFO11,Títulos e Val. Mob.,73.89,17.14,10.31,0.91,295848000.0,644019.0,0,0.0,0.0,0.0,0.0
BBGO11,Títulos e Val. Mob.,90.38,18.98,12.47,0.93,361987000.0,592622.0,0,0.0,0.0,0.0,0.0
BBPO11,Lajes Corporativas,96.75,10.35,8.06,0.98,1540230000.0,0.0,63,3985.69,456.8,11.46,0.0
BBRC11,Outros,115.78,10.54,10.51,1.08,184090000.0,121045.0,20,11522.4,1443.08,12.52,0.0
BBVJ11,Lajes Corporativas,62.99,2.77,0.0,0.95,197789000.0,0.0,1,9909.29,623.48,6.29,51.48
BCFF11,Títulos e Val. Mob.,9.31,8.61,8.57,0.95,1875880000.0,3123770.0,0,0.0,0.0,0.0,0.0
BCIA11,Títulos e Val. Mob.,105.49,9.3,8.76,0.98,392321000.0,651055.0,0,0.0,0.0,0.0,0.0
BCRI11,Títulos e Val. Mob.,75.37,12.46,11.6,0.79,471656000.0,657622.0,0,0.0,0.0,0.0,0.0
BICE11,Títulos e Val. Mob.,900.01,10.82,11.89,0.91,81279900.0,376.0,0,0.0,0.0,0.0,0.0
BICR11,Títulos e Val. Mob.,73.84,19.74,23.03,1.69,36920000.0,2334.0,0,0.0,0.0,0.0,0.0
BIME11,Híbrido,7.57,12.59,12.06,0.87,44251200.0,75928.0,3,317.91,0.0,0.0,0.0
BIPD11,Híbrido,1000.0,-1.11,0.0,1.01,74334000.0,0.0,2,14523.4,0.0,0.0,0.0
BLCA11,Lajes Corporativas,130.0,5.22,13.29,0.93,208000000.0,13109.0,1,41720.2,3216.02,7.71,0.0
BLCP11,Logística,91.0,5.41,0.0,0.81,208962000.0,0.0,2,3014.16,199.89,6.63,0.0
BLMC11,Títulos e Val. Mob.,86.79,10.89,10.49,0.9,34672600.0,441968.0,0,0.0,0.0,0.0,0.0
BLMG11,Outros,41.26,18.12,18.79,0.49,157225000.0,658204.0,1,208.06,33.57,16.13,0.0
BLMO11,Lajes Corporativas,89.99,1035.65,4.43,0.0,341692.0,198554.0,1,43.85,693.02,1580.57,0.0
BLMR11,Títulos e Val. Mob.,6.83,10.38,9.25,0.9,174449000.0,594314.0,0,0.0,0.0,0.0,0.0
BLUR11,Títulos e Val. Mob.,98.49,5.63,11.1,1.1,8864100.0,1485.0,0,0.0,0.0,0.0,0.0
BMLC11,Híbrido,107.0,8.47,10.5,0.96,106829000.0,275214.0,2,12274.9,1273.5,10.37,0.0
BNFS11,Outros,120.51,14.65,13.17,1.31,84357000.0,159572.0,18,7780.47,1361.11,17.49,0.0
BPFF11,Títulos e Val. Mob.,71.09,18.19,9.87,0.93,319359000.0,259529.0,0,0.0,0.0,0.0,0.0
BPML11,Híbrido,96.0,3.53,0.56,0.72,413288000.0,395396.0,4,4055200.0,726071.01,17.9,6.29
BPRP11,Outros,108.99,10.04,9.35,0.99,147119000.0,2611.0,1,6316.15,667.41,10.57,0.0
BRCO11,Logística,125.0,6.71,7.79,1.04,1847350000.0,3452560.0,10,3883.32,374.15,9.63,0.0
BRCR11,Híbrido,60.5,9.27,8.35,0.61,1611610000.0,2426810.0,9,10834.1,1257.63,11.61,6.2
BREV11,Híbrido,105.0,6.59,4.93,0.0,101556000.0,0.0,13,0.0,1437.55,0.0,0.0
BRIM11,Residencial,1014.0,15.41,17.17,0.95,125875000.0,5139.0,0,0.0,0.0,0.0,0.0
BRIP11,Híbrido,1000.0,11.07,24.15,0.88,215475000.0,73.0,1,6089.16,0.0,0.0,0.0
BRLA11,Outros,143.0,7.17,8.88,0.9,499709000.0,57212.0,8,1479.34,110.02,7.44,0.0
BROF11,Híbrido,58.0,6.39,7.65,0.54,673427000.0,2020150.0,2,7261.57,547.24,7.54,4.87
BTAL11,Outros,76.95,10.06,11.15,0.73,460372000.0,1076230.0,9,1417.59,167.71,11.83,0.0
BTCI11,Títulos e Val. Mob.,10.0,17.18,11.4,0.98,995212000.0,2217770.0,0,0.0,0.0,0.0,0.0
BTCR11,Títulos e Val. Mob.,88.0,12.48,0.0,0.92,423289000.0,0.0,0,0.0,0.0,0.0,0.0
BTHI11,Hotel,44.5,9.76,3.69,1.04,410224000.0,45297.0,12,1143.14,141.26,12.36,0.0
BTLG11,Híbrido,103.89,5.7,8.22,1.05,2960100000.0,7597810.0,20,4296.64,304.94,7.1,4.4
BTRA11,Outros,61.76,18.15,13.03,0.49,207795000.0,455953.0,5,4.39,0.81,18.44,0.04
BTSG11,Logística,139.0,11.43,7.38,0.96,107727000.0,7237.0,1,5712.28,711.62,12.46,0.0
BTSI11,Híbrido,97.5,5.2,3.72,0.85,236906000.0,7.0,2,1096.42,77.65,7.08,6.5
BTWR11,Lajes Corporativas,109.4,5.66,5.87,0.98,88534100.0,13.0,1,4471.2,379.65,8.49,0.0
BVAR11,Outros,0.21,31790.95,191.33,0.0,131363.0,0.0,50,1.12,400.24,35724.47,31.85
CACR11,Títulos e Val. Mob.,102.05,4.45,15.57,1.01,390215000.0,1543630.0,0,0.0,0.0,0.0,0.0
CARE11,Híbrido,1.39,-7.34,0.0,0.17,49720200.0,16313.0,1,0.0,0.0,0.0,0.0
CBOP11,Lajes Corporativas,30.18,3.79,4.66,0.41,42704700.0,11643.0,1,2622.01,320.78,12.23,46.53
CCME11,Outros,107.21,5.15,9.27,1.04,586715000.0,7876.0,2,7880.81,280.5,3.56,56.01
CCRF11,Títulos e Val. Mob.,92.5,7.16,8.27,0.95,145401000.0,309.0,0,0.0,0.0,0.0,0.0
CEOC11,Lajes Corporativas,47.49,14.43,13.43,0.61,86227400.0,55860.0,1,5400.64,920.52,17.04,0.0
CFHI11,Outros,610.0,-3.41,0.6,0.98,57706000.0,129439.0,3,4551.86,0.0,0.0,0.0
CJCT11,Lajes Corporativas,69.01,2.53,1.96,1.04,216691000.0,44610.0,1,10856.3,623.48,5.74,51.48
CLIN11,Títulos e Val. Mob.,97.99,0.25,2.18,0.97,425939000.0,496547.0,0,0.0,0.0,0.0,0.0
CNES11,Lajes Corporativas,22.6,5.2,4.75,0.25,66653000.0,7391.0,1,965721.0,179345.52,18.57,55.01
COPP11,Híbrido,103.0,1.59,0.72,0.98,171298000.0,440268.0,3,7367.57,112.41,1.53,19.22
CORM11,Híbrido,81.0,5.53,0.0,0.95,82402600.0,0.0,3,7497.45,751.13,10.02,0.0
CPFF11,Títulos e Val. Mob.,75.1,6.38,8.6,0.91,191736000.0,425028.0,0,0.0,0.0,0.0,0.0
CPSH11,Shoppings,110.82,1.82,5.28,0.98,370139000.0,2848660.0,1,8866.56,155.02,1.75,0.0
CPTR11,Títulos e Val. Mob.,9.2,14.39,15.13,0.94,380697000.0,1462580.0,0,0.0,0.0,0.0,0.0
CPTS11,Títulos e Val. Mob.,8.56,5.12,10.67,0.95,2720610000.0,6579270.0,0,0.0,0.0,0.0,0.0
CRAA11,Títulos e Val. Mob.,100.0,6.45,11.74,0.99,49483600.0,124578.0,0,0.0,0.0,0.0,0.0
CRFF11,Títulos e Val. Mob.,76.68,9.56,10.02,0.87,52912300.0,129083.0,0,0.0,0.0,0.0,0.0
CTXT11,Lajes Corporativas,11.6,-18.49,0.0,0.37,39534800.0,2279.0,1,852.75,5.36,0.63,98.86
CVBI11,Títulos e Val. Mob.,93.34,12.2,11.46,0.97,1027690000.0,2561620.0,0,0.0,0.0,0.0,0.0
CXAG11,Outros,82.1,10.97,10.22,0.71,171640000.0,144484.0,32,2957.28,359.46,12.15,0.0
CXCE11B,Lajes Corporativas,44.02,11.82,10.48,0.68,75404100.0,23281.0,1,3578.42,451.59,12.62,0.0
CXCI11,Títulos e Val. Mob.,86.16,3.67,10.98,0.92,177294000.0,159162.0,0,0.0,0.0,0.0,0.0
CXCO11,Lajes Corporativas,80.35,11.46,10.97,0.81,315334000.0,165928.0,10,3390.24,407.15,12.01,0.0
CXRI11,Títulos e Val. Mob.,80.0,8.91,8.81,0.89,126061000.0,26627.0,0,0.0,0.0,0.0,0.0
CXTL11,Logística,238.12,8.3,36.45,0.57,12762500.0,13825.0,1,1703.48,325.38,19.1,0.0
DAMT11B,Híbrido,12.71,8.54,7.43,0.97,92850900.0,9772.0,1,1450.84,102.89,7.09,15.61
DCRA11,Títulos e Val. Mob.,9.15,15.49,14.38,0.95,61661000.0,216086.0,0,0.0,0.0,0.0,0.0
DEVA11,Títulos e Val. Mob.,43.9,16.79,17.38,0.45,616571000.0,1930050.0,0,0.0,0.0,0.0,0.0
DMAC11,Residencial,13.0,-758.5,0.0,2.61,2029400.0,0.0,0,0.0,0.0,0.0,0.0
DOMC11,Híbrido,439.0,0.52,0.0,4.42,1072830000.0,0.0,2,25651.7,271.46,1.06,21.58
DOVL11B,Lajes Corporativas,1200.69,5.88,8.25,1.01,79733000.0,0.0,2,4534.08,629.85,13.89,29.5
DPRO11,Híbrido,7.98,9.41,11.02,0.85,39925700.0,14522.0,1,2328.83,235.49,10.11,0.0
DRIT11,Lajes Corporativas,86.99,7.22,7.68,0.66,40300500.0,376.0,4,7945.15,935.89,11.78,9.44
DVFF11,Híbrido,8.28,6.27,10.23,0.89,91158700.0,110988.0,0,0.0,0.0,0.0,0.0
EDFO11,Lajes Corporativas,194.01,10.61,10.31,1.07,45786400.0,2498.0,1,128471.0,14933.01,11.62,0.0
EDGA11,Lajes Corporativas,21.42,6.49,5.22,0.35,81654200.0,22422.0,1,3244.14,313.28,9.66,28.91
EGAF11,Títulos e Val. Mob.,99.15,8.97,17.37,1.0,187287000.0,1041550.0,0,0.0,0.0,0.0,0.0
ELDO11B,Shoppings,1104.31,9.54,9.6,0.77,869375000.0,0.0,1,11421.1,1275.31,11.17,1.64
EQIN11,Títulos e Val. Mob.,93.5,10.8,0.0,1.03,158757000.0,0.0,0,0.0,0.0,0.0,0.0
EQIR11,Títulos e Val. Mob.,9.75,8.03,12.57,0.98,65095200.0,88015.0,0,0.0,0.0,0.0,0.0
ERCR11,Híbrido,76000.0,-3.54,0.0,1.52,180576000.0,0.0,0,0.0,0.0,0.0,0.0
ERPA11,Lajes Corporativas,119.9,6.98,6.84,0.87,60060500.0,8503.0,1,17772.5,1420.55,7.99,0.0
EURO11,Logística,250.98,9.3,8.47,0.77,96360300.0,56115.0,7,814.25,83.42,10.25,0.0
EVBI11,Híbrido,98.71,7.96,8.77,1.0,212611000.0,382041.0,6,6842.59,560.17,8.19,0.54
EXES11,Títulos e Val. Mob.,88.44,9.38,10.26,0.97,50533800.0,69.0,0,0.0,0.0,0.0,0.0
FAED11,Outros,154.72,12.06,11.17,0.71,99356200.0,58285.0,3,2596.26,334.32,12.88,0.0
FAMB11B,Lajes Corporativas,811.96,-11.66,0.0,0.29,89359400.0,62522.0,1,1497.29,24.68,1.65,98.09
FATN11,Híbrido,92.8,5.25,10.29,0.93,243110000.0,585027.0,43,24601.0,1375.0,5.59,0.0
FCFL11,Outros,115.52,8.36,8.07,0.99,401318000.0,168767.0,1,12832.1,1156.4,9.01,0.0
FEXC11,Títulos e Val. Mob.,83.5,2.06,0.0,8.17,8310020000.0,0.0,0,0.0,0.0,0.0,0.0
FFCI11,Lajes Corporativas,182.03,4.07,0.0,0.87,671817000.0,0.0,9,16405.6,1038.57,6.33,14.38
FGAA11,Híbrido,9.48,11.04,15.04,0.99,427372000.0,1731400.0,0,0.0,0.0,0.0,0.0
FIGS11,Shoppings,61.1,8.84,8.43,0.8,174135000.0,155447.0,2,2676.03,248.55,9.29,10.68
FIIB11,Híbrido,514.0,8.37,7.77,1.11,352090000.0,238844.0,11,634.9,58.99,9.29,0.0
FIIP11B,Híbrido,176.21,9.64,9.05,0.87,163375000.0,76565.0,7,2326.17,257.19,11.06,0.0
FISC11,Lajes Corporativas,64.0,7.14,7.27,0.56,108800000.0,2498.0,4,8627.89,767.56,8.9,7.69
FISD11,Títulos e Val. Mob.,203.32,-21.06,0.0,2.72,218079000.0,0.0,1,0.0,0.0,0.0,0.0
FIXX11,Títulos e Val. Mob.,85.78,3.4,0.0,1.27,321608000.0,0.0,0,0.0,0.0,0.0,0.0
FLCR11,Títulos e Val. Mob.,98.0,13.79,12.74,1.0,62093200.0,75404.0,0,0.0,0.0,0.0,0.0
FLMA11,Híbrido,141.5,7.95,7.45,0.88,195365000.0,81491.0,2,16884.6,1639.62,9.71,0.0
FLRP11,Shoppings,2000.0,8.09,7.87,1.1,130464000.0,118685.0,1,2673.63,235.36,8.8,3.1
FMOF11,Lajes Corporativas,55.85,0.84,1.08,0.47,28372200.0,302.0,2,1676.2,160.46,9.57,38.7
FPAB11,Lajes Corporativas,193.01,10.81,9.21,0.52,144758000.0,11043.0,2,3157.73,374.89,11.87,33.7
FPNG11,Lajes Corporativas,85.07,5.99,8.26,0.53,170255000.0,21.0,8,14714.7,934.95,6.35,8.53
FRBR11,Títulos e Val. Mob.,103.71,6.54,0.0,1.05,1041730000.0,0.0,0,0.0,0.0,0.0,0.0
FTCE11,Híbrido,2899.63,-1.42,10.67,1.0,2912010000.0,20678.0,76,1758.6,44.54,2.53,3.94
FVBI11,Lajes Corporativas,159.71,0.0,0.0,0.0,0.0,0.0,1,0.0,636.95,0.0,0.0
FVPQ11,Shoppings,110.55,11.17,10.31,0.58,309556000.0,74600.0,1,5372.68,930.07,17.31,14.94
FZDA11,Outros,121.81,1.39,1.82,0.55,188806000.0,81023.0,6,2.25,0.05,2.1,0.0
GALG11,Híbrido,9.25,10.03,9.26,1.02,531739000.0,2657790.0,5,5212.08,499.16,9.58,0.0
GAME11,Outros,9.34,6.39,11.96,0.95,202656000.0,162210.0,0,0.0,0.0,0.0,0.0
GCFF11,Títulos e Val. Mob.,69.3,12.04,4.1,0.89,24981100.0,0.0,0,0.0,0.0,0.0,0.0
GCOI11,Híbrido,98.99,0.61,0.81,1.02,11185900.0,483.0,5,5687.69,0.0,0.0,0.0
GCRA11,Títulos e Val. Mob.,76.87,16.79,16.64,0.78,134589000.0,564024.0,0,0.0,0.0,0.0,0.0
GCRI11,Títulos e Val. Mob.,89.18,9.82,12.9,0.94,129655000.0,230337.0,0,0.0,0.0,0.0,0.0
GESE11B,Outros,1520.0,11.39,160.47,1.36,79040000.0,0.0,1,0.0,725.37,0.0,0.0
GGRC11,Logística,113.6,8.05,10.4,1.0,1025940000.0,1378020.0,16,1142.88,117.09,10.25,0.0
GLOG11,Logística,65.13,19.38,7.4,0.61,48847500.0,55009.0,1,672.27,159.34,23.7,0.0
GRLV11,Logística,145.5,5.72,0.0,24.38,156199000.0,0.0,1,0.0,183.0,0.0,3.69
GRWA11,Títulos e Val. Mob.,11.85,8.2,9.37,1.16,15015100.0,41031.0,0,0.0,0.0,0.0,0.0
GSFI11,Shoppings,7.91,0.0,0.0,0.55,594817000.0,1297520.0,0,0.0,0.0,0.0,0.0
GTLG11,Logística,63.99,13.75,5.11,0.7,459000000.0,0.0,5,2714.27,318.12,11.72,1.69
GTWR11,Lajes Corporativas,89.88,10.73,9.91,0.94,1078560000.0,1089570.0,3,11936.6,1373.38,11.51,0.0
GURB11,Híbrido,108.0,4.7,5.2,0.97,122597000.0,1964190.0,2,21482.1,3640.49,16.95,9.7
GWIR11,Shoppings,175.99,2.8,0.0,0.74,67231200.0,0.0,0,0.0,0.0,4.21,0.0
HAAA11,Lajes Corporativas,48.5,11.46,8.88,0.6,167568000.0,1766.0,2,12130.8,1457.84,12.02,15.2
HABT11,Títulos e Val. Mob.,89.72,13.63,15.22,0.92,729135000.0,1557020.0,0,0.0,0.0,0.0,0.0
HBCR11,Outros,117.39,9.71,6.43,0.98,134736000.0,2325740.0,4,7998.68,739.73,9.25,0.0
HBRH11,Híbrido,91.4,8.08,6.97,0.82,253379000.0,459394.0,5,8423.29,774.75,9.2,2.83
HBTT11,Títulos e Val. Mob.,1055.0,6.53,0.0,1.19,190126000.0,0.0,0,0.0,0.0,0.0,0.0
HCHG11,Outros,77.02,7.46,12.1,0.79,92424000.0,25085.0,0,0.0,0.0,0.0,0.0
HCRI11,Hospital,301.75,8.97,10.31,0.97,60350000.0,58702.0,1,10804.4,1207.32,11.17,0.0
HCTR11,Títulos e Val. Mob.,39.0,16.34,15.37,0.34,861284000.0,1594350.0,0,0.0,0.0,0.0,0.0
HDEL11,Logística,107.5,2.78,7.24,1.16,90300000.0,524.0,0,0.0,0.0,0.0,0.0
HFOF11,Títulos e Val. Mob.,78.5,9.66,9.13,0.99,1808980000.0,2959410.0,0,0.0,0.0,0.0,0.0
HGAG11,Outros,25.0,6.59,12.78,1.06,6206300.0,11297.0,0,0.0,0.0,0.0,0.0
HGBS11,Shoppings,228.98,5.72,8.36,1.02,2914870000.0,4943130.0,13,5295.82,316.98,5.99,5.97
HGCR11,Títulos e Val. Mob.,104.59,12.27,12.04,1.03,1612580000.0,3421920.0,0,0.0,0.0,0.0,0.0
HGFF11,Títulos e Val. Mob.,88.02,8.78,8.69,0.96,252054000.0,884413.0,0,0.0,0.0,0.0,0.0
HGIC11,Títulos e Val. Mob.,105.0,10.4,11.57,0.88,48584100.0,27176.0,0,0.0,0.0,0.0,0.0
HGJH11,Lajes Corporativas,191.29,9.77,0.0,0.64,335342000.0,0.0,2,26550.7,2785.54,10.49,0.0
HGLG11,Logística,162.22,5.35,7.98,1.06,5481020000.0,12574800.0,25,3146.83,164.7,5.23,9.04
HGPO11,Lajes Corporativas,286.27,6.53,6.33,0.96,501848000.0,607077.0,2,39733.7,2785.54,7.01,0.0
HGRE11,Lajes Corporativas,131.0,5.4,7.6,0.85,1548130000.0,1726200.0,17,8320.77,647.13,7.78,27.19
HGRU11,Híbrido,137.12,7.05,8.44,1.11,2523890000.0,3608010.0,71,4673.96,391.42,8.37,1.1
HLOG11,Logística,83.27,9.54,8.94,0.72,353898000.0,55333.0,5,1772.73,202.7,11.43,19.79
HMOC11,Shoppings,226.95,2.17,0.0,0.95,86698800.0,0.0,0,0.0,0.0,3.27,0.0
HOFC11,Lajes Corporativas,19.09,13.8,10.71,0.21,72141100.0,73403.0,4,1655.67,480.1,29.0,50.38
HOSI11,Híbrido,88.98,8.29,8.26,0.96,51025600.0,204337.0,0,0.0,0.0,0.0,0.0
HPDP11,Shoppings,87.75,6.7,7.07,0.99,276469000.0,1228310.0,1,2058.03,157.25,7.64,2.65
HRDF11,Híbrido,3.62,4.02,0.0,0.57,5493080.0,548.0,0,0.0,0.0,0.0,0.0
HREC11,Títulos e Val. Mob.,8.72,117.37,11.26,0.09,44967000.0,164761.0,0,0.0,0.0,0.0,0.0
HSAF11,Títulos e Val. Mob.,85.89,12.98,11.58,0.94,216989000.0,541043.0,0,0.0,0.0,0.0,0.0
HSLG11,Logística,96.98,7.81,8.57,0.94,1227770000.0,945294.0,5,2911.72,250.54,8.6,0.0
HSML11,Shoppings,95.85,8.86,8.75,1.02,1512570000.0,2741230.0,7,10223.2,843.77,8.25,5.58
HSRE11,Híbrido,105.94,6.72,6.71,1.13,942731000.0,4139180.0,28,7873.49,592.82,7.53,4.25
HTMX11,Hotel,163.51,9.24,13.98,1.26,245974000.0,1884550.0,22,323.88,28.08,8.67,0.0
HUCG11,Hospital,92.0,5.34,3.41,0.89,103224000.0,3586.0,2,3026.34,0.0,0.0,0.0
HUSC11,Outros,121.0,9.11,9.23,0.83,99208700.0,5464.0,1,1338.5,145.63,10.88,0.0
HUSI11,Hospital,1200.0,8.24,7.91,1.08,139634000.0,507.0,1,6842.38,594.89,8.69,0.0
IAAG11,Títulos e Val. Mob.,8.88,2.41,5.12,0.92,48385000.0,21739.0,0,0.0,0.0,0.0,0.0
IAGR11,Títulos e Val. Mob.,4.88,39.64,30.68,0.46,13597800.0,92825.0,0,0.0,0.0,0.0,0.0
IBCR11,Títulos e Val. Mob.,81.88,9.92,12.56,0.85,78475700.0,169582.0,0,0.0,0.0,0.0,0.0
IBFF11,Títulos e Val. Mob.,66.4,8.28,0.0,0.93,44267600.0,0.0,0,0.0,0.0,0.0,0.0
IDFI11,Híbrido,21.5,20.84,95.06,0.71,44245400.0,6503.0,1,0.0,0.0,0.0,0.0
IDGR11,Híbrido,11.5,48.07,146.74,0.93,10158600.0,1327.0,1,0.0,0.0,0.0,0.0
IFID11,Títulos e Val. Mob.,80.06,18.2,0.0,1.08,59897000.0,0.0,0,0.0,0.0,0.0,0.0
IFIE11,Títulos e Val. Mob.,71.98,14.75,0.0,0.85,64817600.0,0.0,0,0.0,0.0,0.0,0.0
IRDM11,Títulos e Val. Mob.,82.84,12.24,11.49,0.95,3018180000.0,5640540.0,0,0.0,0.0,0.0,0.0
IRIM11,Híbrido,86.63,12.61,12.26,0.95,166330000.0,51103.0,0,0.0,0.0,0.0,0.0
ITIP11,Títulos e Val. Mob.,76.23,19.11,11.37,1.03,57031600.0,87785.0,0,0.0,0.0,0.0,0.0
ITIT11,Títulos e Val. Mob.,78.9,13.46,8.66,0.93,71049000.0,189140.0,0,0.0,0.0,0.0,0.0
JASC11,Híbrido,103.0,3.08,5.51,0.96,343145000.0,24426.0,12,4710.44,149.22,3.17,3.11
JBFO11,Títulos e Val. Mob.,87.0,7.35,5.9,1.05,111279000.0,0.0,0,0.0,0.0,0.0,0.0
JCCJ11,Títulos e Val. Mob.,124.95,-0.11,0.84,0.72,208480000.0,742530.0,0,0.0,0.0,0.0,0.0
JFLL11,Residencial,75.11,14.99,9.38,0.74,112710000.0,35653.0,2,7599.42,1282.51,16.88,9.0
JGPX11,Híbrido,92.9,4.4,13.86,0.97,198922000.0,522594.0,0,0.0,0.0,0.0,0.0
JPPA11,Híbrido,93.27,16.34,14.73,0.95,84320700.0,176302.0,0,0.0,0.0,0.0,0.0
JPPC11,Híbrido,200.0,-3.33,0.0,0.5,11000000.0,0.0,0,0.0,0.0,0.0,0.0
JRDM11,Shoppings,85.9,7.97,5.0,0.96,216723000.0,0.0,1,7394.68,671.49,9.08,1.19
JSAF11,Títulos e Val. Mob.,101.56,8.72,10.57,1.04,159759000.0,944777.0,0,0.0,0.0,0.0,0.0
JSRE11,Híbrido,75.96,6.9,7.01,0.68,1577490000.0,2862130.0,6,13411.1,1083.51,8.08,8.09
KCRE11,Títulos e Val. Mob.,97.68,11.3,11.19,0.96,351648000.0,666358.0,0,0.0,0.0,0.0,0.0
KEVE11,Residencial,1127.5,0.44,8.76,1.21,166533000.0,111406.0,1,0.0,0.0,0.0,0.0
KFOF11,Títulos e Val. Mob.,103.4,8.81,8.77,1.08,468745000.0,1072570.0,0,0.0,0.0,0.0,0.0
KINP11,Residencial,9.82,0.0,79.72,0.0,0.0,0.0,1,0.0,0.0,0.0,0.0
KISU11,Títulos e Val. Mob.,8.48,10.22,9.86,0.97,374782000.0,988372.0,0,0.0,0.0,0.0,0.0
KIVO11,Títulos e Val. Mob.,89.22,15.98,15.89,0.97,108413000.0,313495.0,0,0.0,0.0,0.0,0.0
KNCA11,Títulos e Val. Mob.,104.85,7.42,12.56,1.02,2264750000.0,3112510.0,0,0.0,0.0,0.0,0.0
KNCR11,Títulos e Val. Mob.,103.2,12.01,12.07,1.02,5892420000.0,10083600.0,0,0.0,0.0,0.0,0.0
KNHF11,Híbrido,104.44,4.04,4.6,1.03,1021200000.0,1317040.0,0,0.0,0.0,0.0,0.0
KNHY11,Títulos e Val. Mob.,104.74,10.36,11.54,1.02,1936730000.0,2501520.0,0,0.0,0.0,0.0,0.0
KNIP11,Títulos e Val. Mob.,95.44,9.22,9.44,0.97,7642660000.0,12066200.0,0,0.0,0.0,0.0,0.0
KNRE11,Residencial,0.4,86.43,0.0,0.53,7418860.0,12080.0,0,0.0,0.0,0.0,0.0
KNRI11,Híbrido,164.44,6.71,7.07,1.03,3972400000.0,3828540.0,19,5234.43,396.01,7.57,0.21
KNSC11,Títulos e Val. Mob.,9.19,11.08,10.44,1.01,1220050000.0,3078630.0,0,0.0,0.0,0.0,0.0
KNUQ11,Títulos e Val. Mob.,104.45,2.49,2.97,1.03,771082000.0,651070.0,0,0.0,0.0,0.0,0.0
LASC11,Shoppings,105.9,7.32,6.93,1.04,311378000.0,3494160.0,3,14464.3,1365.19,9.44,1.52
LATR11B,Residencial,9.51,-16.36,105.14,0.9,1180230.0,0.0,0,0.0,0.0,0.0,0.0
LFTT11,Residencial,31.4,-7.0,0.0,1.64,232503000.0,22052.0,182,13423.4,1.88,0.01,0.0
LGCP11,Logística,90.2,9.66,8.16,0.88,318382000.0,486402.0,5,2674.58,277.97,10.39,0.31
LIFE11,Outros,10.13,10.67,14.44,1.0,225663000.0,222303.0,0,0.0,0.0,0.0,0.0
LLAO11,Híbrido,77.37,-15.7,10.89,1.0,27941400.0,0.0,16,5219.91,0.0,0.0,0.0
LOFT11B,Residencial,29.9,-2.92,0.0,2.92,58678800.0,0.0,11,32764.2,0.0,0.0,0.0
LPLP11,Residencial,508.68,11.33,17.25,1.23,185006000.0,0.0,0,0.0,0.0,0.0,0.0
LSAG11,Títulos e Val. Mob.,103.8,22.54,15.47,1.06,104769000.0,82035.0,0,0.0,0.0,0.0,0.0
LSPA11,Outros,107.0,12.97,12.3,0.93,43281500.0,4139.0,0,0.0,0.0,0.0,0.0
LUGG11,Residencial,82.77,11.68,7.88,0.67,93588500.0,74203.0,5,3563.46,556.19,15.61,15.19
LVBI11,Logística,119.37,6.42,7.65,1.02,1700270000.0,4764570.0,11,3153.71,298.55,9.47,0.42
MALL11,Shoppings,117.41,18.21,7.85,0.98,1071330000.0,1877650.0,9,4311.87,690.38,16.01,3.67
MANA11,Títulos e Val. Mob.,9.39,7.31,12.98,0.97,200846000.0,226528.0,0,0.0,0.0,0.0,0.0
MATV11,Títulos e Val. Mob.,86.63,11.42,2.94,0.92,36901600.0,0.0,0,0.0,0.0,0.0,0.0
MAXR11,Híbrido,77.78,10.53,9.85,0.62,87553400.0,238893.0,8,1398.95,168.53,12.05,1.61
MBRF11,Outros,679.0,16.44,0.0,0.81,69029900.0,0.0,2,3443.55,590.44,17.15,82.78
MCCI11,Títulos e Val. Mob.,93.71,10.5,11.33,0.98,1589320000.0,4038150.0,0,0.0,0.0,0.0,0.0
MCHF11,Títulos e Val. Mob.,9.18,12.65,11.5,0.96,297012000.0,1298430.0,0,0.0,0.0,0.0,0.0
MCHY11,Títulos e Val. Mob.,11.23,127.71,13.42,0.11,40313100.0,27066.0,0,0.0,0.0,0.0,0.0
MFAI11,Híbrido,62.22,8.98,9.04,0.89,24215100.0,36398.0,0,0.0,0.0,0.0,0.0
MFCR11,Híbrido,102.5,11.87,13.27,0.99,10376100.0,8499.0,0,0.0,0.0,0.0,0.0
MFII11,Híbrido,95.69,10.71,12.67,0.84,423604000.0,525554.0,7,220.28,0.0,0.0,0.0
MGCR11,Títulos e Val. Mob.,9.4,11.11,8.07,0.96,126115000.0,0.0,0,0.0,0.0,0.0,0.0
MGFF11,Títulos e Val. Mob.,69.99,8.76,8.49,0.95,633453000.0,2181630.0,0,0.0,0.0,0.0,0.0
MGHT11,Híbrido,47.68,18.1,15.92,0.55,62641200.0,97587.0,1,6031.87,1108.99,18.39,0.0
MGIM11,Híbrido,101.5,-2.38,0.0,1.03,25101000.0,0.0,0,0.0,0.0,0.0,0.0
MGLG11,Híbrido,40.99,5.69,0.85,1.18,77396300.0,0.0,0,0.0,0.0,0.0,0.0
MINT11,Outros,99.87,9.9,1.3,0.75,51932400.0,2762.0,3,3402.76,433.13,12.73,0.0
MMPD11,Outros,110.61,7.62,7.95,0.97,58623300.0,0.0,0,0.0,0.0,0.0,0.0
MORC11,Títulos e Val. Mob.,89.15,10.81,13.55,0.9,170081000.0,1447260.0,0,0.0,0.0,0.0,0.0
MORE11,Títulos e Val. Mob.,77.49,8.03,8.29,0.89,179708000.0,931302.0,0,0.0,0.0,0.0,0.0
MXRF11,Híbrido,10.59,9.3,12.05,1.07,2745760000.0,11698000.0,0,0.0,0.0,0.0,0.0
NAVT11,Títulos e Val. Mob.,93.45,11.75,11.8,0.98,57217800.0,217946.0,0,0.0,0.0,0.0,0.0
NCHB11,Títulos e Val. Mob.,84.16,11.99,12.87,0.93,142898000.0,457912.0,0,0.0,0.0,0.0,0.0
NCRA11,Títulos e Val. Mob.,10.64,11.28,15.39,1.01,47453900.0,377073.0,0,0.0,0.0,0.0,0.0
NCRI11,Títulos e Val. Mob.,9.29,12.36,10.33,0.91,36695500.0,2836.0,0,0.0,0.0,0.0,0.0
NEWL11,Híbrido,117.04,22.52,9.71,0.85,237954000.0,745184.0,3,3174.76,481.93,15.18,0.0
NEWU11,Híbrido,79.0,1.68,2.94,1.13,58618000.0,182597.0,3,4136.47,396.64,9.59,47.02
NPAR11,Outros,12.82,213.32,0.0,0.7,1533140.0,0.0,0,0.0,0.0,0.0,0.0
NSLU11,Hospital,193.6,9.99,9.08,0.96,250380000.0,384835.0,1,10290.1,1093.78,10.63,0.0
NVHO11,Hospital,12.99,12.01,7.36,0.93,539014000.0,1408.0,4,17483.9,2164.98,12.38,0.0
OCRE11,Títulos e Val. Mob.,102.51,7.98,7.8,1.02,29318500.0,26061.0,0,0.0,0.0,0.0,0.0
OGHY11,Títulos e Val. Mob.,9.02,8.63,14.32,0.96,24492700.0,52097.0,0,0.0,0.0,0.0,0.0
OIAG11,Híbrido,9.06,11.51,15.97,0.93,81839000.0,363577.0,0,0.0,0.0,0.0,0.0
ONEF11,Lajes Corporativas,200.03,6.01,22.05,0.85,182227000.0,191916.0,1,30016.6,1938.66,6.46,0.0
ORPD11,Títulos e Val. Mob.,93.0,0.0,0.0,0.64,26970000.0,0.0,0,0.0,0.0,0.0,0.0
OUCY11,Híbrido,88.5,13.6,0.0,0.97,95322200.0,0.0,9,3251.16,162.66,5.0,0.0
OUFF11,Títulos e Val. Mob.,72.69,11.02,10.97,0.99,131884000.0,196007.0,0,0.0,0.0,0.0,0.0
OUJP11,Híbrido,97.5,14.62,13.03,0.99,317107000.0,625443.0,0,0.0,0.0,0.0,0.0
OULG11,Logística,32.01,12.99,14.19,0.47,79425900.0,271691.0,2,1100.24,170.8,15.52,0.0
OURE11,Híbrido,75.42,15.96,13.46,0.82,81233900.0,112189.0,9,2770.65,162.66,5.87,0.0
PATC11,Lajes Corporativas,38.5,7.83,13.41,0.91,133881000.0,656381.0,4,16490.3,1605.03,9.73,8.37
PATL11,Logística,67.66,11.61,9.95,0.69,337727000.0,779565.0,4,2165.38,299.92,13.85,0.0
PDDA11B,Logística,106.5,3.91,0.0,1.58,264257000.0,0.0,2,3660.6,170.8,4.67,0.0
PEMA11,Títulos e Val. Mob.,46.58,16.34,15.09,0.66,25712200.0,855.0,0,0.0,0.0,0.0,0.0
PLCA11,Títulos e Val. Mob.,86.36,18.28,14.14,0.91,48104200.0,118145.0,0,0.0,0.0,0.0,0.0
PLCR11,Títulos e Val. Mob.,88.82,22.32,12.02,0.97,187336000.0,345952.0,0,0.0,0.0,0.0,0.0
PLOG11,Logística,66.71,18.93,4.24,0.63,50032500.0,0.0,1,688.58,159.34,23.14,0.0
PLRI11,Títulos e Val. Mob.,16.35,-4.28,13.36,0.57,15602900.0,596.0,0,0.0,0.0,0.0,0.0
PMFO11,Híbrido,100.0,0.81,2.64,1.04,49873900.0,0.0,0,0.0,0.0,0.0,0.0
PNCR11,Residencial,87.17,0.03,7.96,1.0,43585000.0,4252.0,0,0.0,0.0,0.0,0.0
PNDL11,Títulos e Val. Mob.,1300.0,0.55,0.72,1.24,154305000.0,108187.0,0,0.0,0.0,0.0,0.0
PNRC11,Híbrido,102.49,5.03,8.54,1.01,42031100.0,0.0,3,7.41,0.0,0.0,0.0
PORD11,Títulos e Val. Mob.,91.22,8.47,12.56,0.93,340102000.0,780186.0,0,0.0,0.0,0.0,0.0
PQAG11,Logística,59.43,8.97,8.49,1.04,831538000.0,6513.0,1,13193.9,1140.29,8.64,0.0
PQDP11,Shoppings,1918.01,11.39,10.15,0.61,470896000.0,101072.0,1,1767.89,241.6,13.67,0.0
PRSN11,Residencial,1.24,-23.24,26.91,0.32,4006750.0,4103.0,2,8453.74,0.0,0.0,0.0
PRSV11,Lajes Corporativas,60.0,-21.09,0.0,0.29,11700000.0,3596.0,1,1115.52,30.63,2.75,100.0
PURB11,Híbrido,95.1,5.33,0.0,0.85,107954000.0,0.0,2,18916.2,3640.49,19.25,9.7
PVBI11,Lajes Corporativas,103.49,3.87,7.25,1.03,1346070000.0,4478070.0,4,24060.1,1562.22,6.49,1.15
QAGR11,Outros,49.98,10.28,10.53,0.85,251899000.0,590955.0,12,1739.72,206.25,11.86,0.0
QAMI11,Títulos e Val. Mob.,84.68,24.53,9.1,0.91,67862400.0,0.0,0,0.0,0.0,0.0,0.0
QIFF11,Títulos e Val. Mob.,97.49,7.63,0.0,1.09,14623500.0,0.0,0,0.0,0.0,0.0,0.0
QIRI11,Títulos e Val. Mob.,78.04,9.53,0.0,0.87,11706000.0,0.0,0,0.0,0.0,0.0,0.0
QMFF11,Títulos e Val. Mob.,98.52,7.55,0.0,1.1,14778000.0,0.0,0,0.0,0.0,0.0,0.0
RBBV11,Títulos e Val. Mob.,100.0,6.51,0.0,0.99,125416000.0,0.0,0,0.0,0.0,0.0,0.0
RBCO11,Lajes Corporativas,44.0,12.33,8.39,0.49,166276000.0,144616.0,4,3812.31,614.84,16.13,0.0
RBDS11,Residencial,2.12,-46.17,0.0,0.1,268229.0,601.0,0,0.0,0.0,0.0,0.0
RBED11,Outros,145.75,10.39,10.44,1.02,343244000.0,234680.0,7,3587.5,380.97,10.62,0.0
RBFF11,Títulos e Val. Mob.,60.59,4.82,9.44,0.9,227165000.0,521885.0,0,0.0,0.0,0.0,0.0
RBGS11,Shoppings,28.45,3.3,0.0,0.31,30669100.0,0.0,1,1051.57,52.68,5.01,11.94
RBHG11,Títulos e Val. Mob.,92.42,9.36,11.5,1.01,159663000.0,328355.0,0,0.0,0.0,0.0,0.0
RBHY11,Títulos e Val. Mob.,93.0,12.29,13.9,1.0,176096000.0,152521.0,0,0.0,0.0,0.0,0.0
RBIR11,Residencial,92.39,2.05,4.71,0.94,141229000.0,128355.0,0,0.0,0.0,0.0,0.0
RBIV11,Títulos e Val. Mob.,83.7,10.33,0.0,0.92,144599000.0,0.0,0,0.0,0.0,0.0,0.0
RBLG11,Logística,103.39,10.53,10.76,0.99,66190200.0,5582.0,1,358.71,36.73,10.24,0.0
RBOP11,Outros,313.0,35.66,19.21,0.37,31820800.0,32433.0,2,1587.38,590.44,37.2,82.78
RBRD11,Híbrido,40.35,8.72,9.28,0.61,74719600.0,31743.0,4,2712.58,349.42,12.88,27.96
RBRF11,Títulos e Val. Mob.,81.15,8.56,8.48,0.93,1110190000.0,3236210.0,0,0.0,0.0,0.0,0.0
RBRI11,Híbrido,1100.0,-1.36,0.0,0.92,150108000.0,431.0,0,0.0,0.0,0.0,0.0
RBRL11,Logística,90.29,7.96,8.36,0.86,603772000.0,915605.0,5,2670.42,268.0,10.04,7.0
RBRM11,Títulos e Val. Mob.,160000.0,0.4,4.77,6.07,86240000.0,0.0,0,0.0,0.0,0.0,0.0
RBRP11,Outros,56.7,5.54,5.5,0.69,690560000.0,1230640.0,11,8804.46,503.85,5.72,25.61
RBRR11,Títulos e Val. Mob.,90.99,6.96,10.25,0.96,1370050000.0,2902330.0,0,0.0,0.0,0.0,0.0
RBRS11,Híbrido,56.05,9.26,8.17,0.59,97207500.0,98007.0,3,9002.28,847.11,9.41,6.22
RBRX11,Títulos e Val. Mob.,9.66,110.49,12.93,0.1,18170600.0,490610.0,0,0.0,0.0,0.0,0.0
RBRY11,Títulos e Val. Mob.,100.64,6.74,12.92,1.02,1010890000.0,2340280.0,0,0.0,0.0,0.0,0.0
RBTS11,Outros,700.01,6.81,32.82,1.09,39568100.0,70455.0,0,0.0,0.0,0.0,0.0
RBVA11,Outros,112.9,9.8,10.66,1.05,1308310000.0,1297980.0,54,17402.3,1929.88,11.09,1.21
RBVO11,,8.57,0.38,2.7,0.51,4420610.0,1502.0,0,0.0,0.0,0.0,0.0
RCFF11,Títulos e Val. Mob.,98.99,7.46,1.23,0.97,31993600.0,17709.0,0,0.0,0.0,0.0,0.0
RCRB11,Lajes Corporativas,161.0,4.6,5.44,0.77,594202000.0,1534260.0,9,14510.3,1038.57,7.16,14.38
RCRI11B,Híbrido,1200.0,4.39,0.0,1.16,61214400.0,0.0,0,0.0,0.0,0.0,0.0
RDES11,Híbrido,58.0,2.29,0.0,0.83,43036000.0,0.0,3,3036.9,396.64,13.06,47.02
RDPD11,Títulos e Val. Mob.,22.96,10.46,21.66,1.03,42472100.0,0.0,0,0.0,0.0,0.0,0.0
RECR11,Títulos e Val. Mob.,87.98,11.83,11.51,0.92,2326340000.0,2952840.0,1,42619.3,0.0,0.0,100.02
RECT11,Híbrido,47.56,11.92,10.8,0.51,406329000.0,393832.0,9,5296.64,782.67,14.78,9.91
RECX11,Títulos e Val. Mob.,67.74,11.82,9.81,0.92,14788500.0,6331.0,0,0.0,0.0,0.0,0.0
REIT11,Títulos e Val. Mob.,176.42,4.86,18.12,0.62,4638260.0,23.0,0,0.0,0.0,0.0,0.0
RELG11,Híbrido,46.99,19.73,4.59,0.38,62711100.0,143141.0,5,884.87,182.12,20.58,0.0
RFOF11,Títulos e Val. Mob.,77.0,9.85,11.37,0.96,83018600.0,75058.0,0,0.0,0.0,0.0,0.0
RINV11,Títulos e Val. Mob.,111.2,3.36,11.64,1.04,94012400.0,470154.0,0,0.0,0.0,0.0,0.0
RMAI11,Híbrido,70.0,3.23,4.51,0.71,171066000.0,220406.0,2,4090.25,271.46,6.64,21.58
RNDP11,Títulos e Val. Mob.,109.77,11.25,50.37,0.63,11798200.0,19965.0,0,0.0,0.0,0.0,0.0
RNGO11,Lajes Corporativas,46.49,10.96,9.77,0.54,124407000.0,94915.0,4,2265.33,302.02,13.33,20.02
ROOF11,Outros,720.0,-7.21,17.54,1.25,55796400.0,2827.0,73,2886.55,14.49,0.5,0.0
RPRI11,Títulos e Val. Mob.,103.26,12.12,11.64,1.02,231484000.0,604090.0,0,0.0,0.0,0.0,0.0
RRCI11,Títulos e Val. Mob.,83.25,11.69,14.01,0.91,40106300.0,38890.0,0,0.0,0.0,0.0,0.0
RSPD11,Residencial,1055.53,-2.13,10.34,1.0,157286000.0,153252.0,0,0.0,0.0,0.0,0.0
RURA11,Títulos e Val. Mob.,10.71,8.24,12.07,1.07,1714670000.0,2453330.0,0,0.0,0.0,0.0,0.0
RVBI11,Títulos e Val. Mob.,83.89,10.03,10.0,0.99,120802000.0,209588.0,0,0.0,0.0,0.0,0.0
RZAG11,Títulos e Val. Mob.,9.23,18.28,14.71,0.95,628013000.0,2490540.0,0,0.0,0.0,0.0,0.0
RZAK11,Títulos e Val. Mob.,90.21,12.35,14.93,0.98,794559000.0,3729460.0,0,0.0,0.0,0.0,0.0
RZAT11,Híbrido,95.2,11.76,11.19,0.94,353018000.0,1124010.0,11,1129.91,112.0,9.91,0.0
RZDM11,Híbrido,550.16,19.74,0.45,4.15,88025600.0,0.0,4,61028.8,0.0,0.0,0.0
RZTR11,Híbrido,104.98,14.33,10.54,1.06,1159820000.0,2677670.0,18,1.7,0.28,16.41,24.14
SADI11,Títulos e Val. Mob.,88.7,30.01,12.74,0.93,137368000.0,473292.0,0,0.0,0.0,0.0,0.0
SAIC11B,Lajes Corporativas,34.0,-2.67,0.0,0.62,48611200.0,153.0,1,4302.76,0.0,0.0,100.0
SAPI11,Títulos e Val. Mob.,91.65,0.0,1.95,0.92,141479000.0,154044.0,0,0.0,0.0,0.0,0.0
SARE11,Híbrido,48.06,14.62,12.65,0.54,443802000.0,1267430.0,3,2174.82,275.69,12.68,0.0
SCPF11,Shoppings,4.67,6.06,5.61,0.4,19614000.0,6177.0,1,4036.0,737.32,18.27,26.6
SDIL11,Logística,96.5,10.18,5.0,1.01,617122000.0,0.0,6,1763.51,243.66,13.82,0.62
SDIP11,Lajes Corporativas,88.0,7.25,0.0,0.93,371533000.0,0.0,5,10837.7,950.74,8.77,0.0
SEED11,Híbrido,100.83,11.05,10.79,1.13,165361000.0,0.0,0,0.0,0.0,0.0,0.0
SEQR11,Outros,60.69,12.81,11.87,0.67,101091000.0,104695.0,4,2406.41,350.23,14.55,0.0
SHDP11B,Shoppings,1210.05,7.81,7.48,0.94,1776100000.0,0.0,1,13473.1,1208.38,8.97,0.0
SHOP11,Híbrido,59.29,-0.76,0.0,1.24,87824300.0,84.0,1,3180.59,228.02,7.17,45.97
SHPH11,Shoppings,830.0,6.0,6.52,0.93,505429000.0,144565.0,1,14418.1,1147.04,7.96,6.68
SIGR11,Títulos e Val. Mob.,96.0,15.41,14.15,0.94,37381900.0,5452.0,0,0.0,0.0,0.0,0.0
SNAG11,Híbrido,10.1,7.41,12.55,1.0,505000000.0,1936190.0,3,64.26,7.97,12.41,0.0
SNCI11,Títulos e Val. Mob.,100.44,11.07,11.5,1.01,421848000.0,631323.0,0,0.0,0.0,0.0,0.0
SNCR11,,97.8,4.65,0.0,0.97,373964000.0,0.0,0,0.0,0.0,0.0,0.0
SNEL11,Híbrido,127.87,2.85,1.2,1.3,63938300.0,326157.0,0,0.0,0.0,0.0,0.0
SNFF11,Títulos e Val. Mob.,87.18,8.36,9.36,0.97,246719000.0,525941.0,0,0.0,0.0,0.0,0.0
SNLG11,Híbrido,26.95,8.65,2.56,0.78,50886300.0,57360.0,0,0.0,0.0,0.0,0.0
SNME11,Híbrido,10.3,0.0,0.0,1.06,53070200.0,14460.0,0,0.0,0.0,0.0,0.0
SOLR11,Híbrido,1128.06,10.93,1.97,1.14,70935800.0,0.0,1,8193.62,1065.92,13.01,0.0
SPMO11,Híbrido,120.0,0.3,0.0,0.86,217084000.0,35066.0,0,0.0,0.0,0.0,0.0
SPTW11,Lajes Corporativas,42.98,17.72,11.77,0.77,77278000.0,132217.0,1,5384.43,1109.17,20.6,0.0
SPXS11,Híbrido,9.5,6.74,12.01,0.98,191796000.0,707507.0,0,0.0,0.0,0.0,0.0
SRVD11,Títulos e Val. Mob.,3.0,-0.28,0.0,-365.85,288858000.0,0.0,0,0.0,0.0,0.0,0.0
STRX11,Híbrido,168.0,8.25,0.49,1.02,271078000.0,209.0,2,5404.5,472.92,8.75,20.85
TBOF11,Lajes Corporativas,101.5,-0.11,0.0,486.34,1020080000.0,0.0,1,0.0,0.0,0.0,15.37
TEPP11,Lajes Corporativas,93.01,6.86,7.5,0.98,392685000.0,1306640.0,5,11454.7,950.74,8.3,0.0
TGAR11,Híbrido,120.89,13.03,13.57,1.08,1666410000.0,6188550.0,4,83.57,1.68,2.01,0.0
THRA11,Lajes Corporativas,138.5,2.96,0.0,14.52,203973000.0,0.0,0,0.0,0.0,0.0,0.0
TJKB11,Lajes Corporativas,262.5,11.15,8.11,0.98,198706000.0,302.0,7,7813.85,916.68,11.73,0.0
TMPS11,Títulos e Val. Mob.,98.38,7.82,7.25,0.95,96310900.0,122418.0,0,0.0,0.0,0.0,0.0
TORD11,Híbrido,2.17,1.48,4.1,0.17,76061400.0,137820.0,1,512.65,0.0,0.0,0.0
TOUR11,Residencial,8.8,0.0,0.0,0.0,0.0,0.0,3,0.0,0.0,0.0,0.0
TRBL11,Logística,97.0,10.13,4.37,1.02,620320000.0,761109.0,6,1772.65,243.66,13.75,0.62
TRNT11,Lajes Corporativas,126.09,4.21,3.59,0.64,496235000.0,15409.0,1,7827.37,585.69,7.48,42.4
TRXB11,Híbrido,150.0,7.14,8.41,1.38,429142000.0,729.0,12,4535.89,486.02,10.71,0.0
TRXF11,Híbrido,112.27,7.76,9.54,1.08,1489820000.0,7514970.0,29,3190.91,326.83,10.24,0.0
TRXL11,Híbrido,103.38,5.73,0.0,1.04,2945570000.0,0.0,20,4275.55,304.94,7.13,4.4
TSER11,Lajes Corporativas,100.0,11.15,10.77,0.97,128488000.0,117.0,1,2667.76,235.0,8.81,0.0
TSNC11,Híbrido,0.01,53586.56,12519.2,0.0,10868.0,0.0,2,6.35,4326.81,68126.83,0.85
TVRI11,Lajes Corporativas,97.45,10.27,2.75,0.98,1551370000.0,1081750.0,63,4014.52,456.8,11.38,0.0
UBSR11,Títulos e Val. Mob.,102.5,10.15,0.0,1.07,2710270000.0,0.0,1,49653.1,0.0,0.0,100.02
URPR11,Outros,88.31,15.02,14.07,0.86,1031040000.0,2805430.0,0,0.0,0.0,0.0,0.0
VCJR11,Títulos e Val. Mob.,93.29,12.78,11.07,0.96,1373600000.0,1898250.0,0,0.0,0.0,0.0,0.0
VCRA11,Títulos e Val. Mob.,94.05,13.3,14.31,0.91,432058000.0,921020.0,0,0.0,0.0,0.0,0.0
VCRI11,Títulos e Val. Mob.,8.61,10.94,12.55,0.89,153028000.0,312253.0,0,0.0,0.0,0.0,0.0
VCRR11,Logística,68.05,11.91,11.58,0.53,136100000.0,286801.0,4,2369.27,27.33,1.15,0.0
VERE11,Outros,257.0,12.34,10.77,0.7,154536000.0,0.0,4,961.67,174.52,18.15,16.52
VGHF11,Híbrido,9.5,6.47,12.64,1.03,894785000.0,3530060.0,0,0.0,0.0,0.0,0.0
VGIA11,Títulos e Val. Mob.,9.0,16.68,15.86,0.93,778096000.0,4115690.0,0,0.0,0.0,0.0,0.0
VGII11,Títulos e Val. Mob.,101.41,0.0,0.92,1.01,40564000.0,605987.0,0,0.0,0.0,0.0,0.0
VGIP11,Títulos e Val. Mob.,89.9,10.47,11.12,0.96,1059670000.0,1862260.0,0,0.0,0.0,0.0,0.0
VGIR11,Títulos e Val. Mob.,9.86,14.06,13.57,1.01,1017760000.0,4727090.0,0,0.0,0.0,0.0,0.0
VIFI11,Títulos e Val. Mob.,8.16,9.58,9.45,0.89,66007800.0,284513.0,0,0.0,0.0,0.0,0.0
VILG11,Logística,96.05,7.71,7.97,0.86,1440500000.0,2939340.0,15,2510.5,242.91,9.68,10.98
VINO11,Lajes Corporativas,7.55,10.0,9.22,0.7,625338000.0,1033880.0,10,9750.4,1177.61,12.08,0.0
VISC11,Shoppings,120.72,6.27,8.36,1.05,2564540000.0,5483640.0,20,3820.55,319.62,8.37,5.98
VIUR11,Outros,7.94,11.17,10.26,0.88,213953000.0,317720.0,8,3172.91,323.46,10.19,3.02
VLOL11,Lajes Corporativas,98.0,6.78,20.49,0.88,174913000.0,0.0,0,0.0,0.0,0.0,0.0
VOTS11,Títulos e Val. Mob.,81.98,17.77,13.01,0.87,67872300.0,7684.0,0,0.0,0.0,0.0,0.0
VRTA11,Títulos e Val. Mob.,87.35,11.41,10.74,0.94,1362000000.0,2019740.0,0,0.0,0.0,0.0,0.0
VRTM11,Títulos e Val. Mob.,10.8,0.0,1.1,1.13,128475000.0,1694.0,0,0.0,0.0,0.0,0.0
VSEC11,Títulos e Val. Mob.,0.21,700.84,12.04,0.07,13174.0,0.0,0,0.0,0.0,0.0,0.0
VSHO11,Shoppings,84.47,10.01,9.49,0.83,177286000.0,90990.0,3,2334.63,407.96,17.47,7.84
VSLH11,Outros,4.26,11.68,11.67,0.4,127221000.0,282470.0,0,0.0,0.0,0.0,0.0
VTLT11,Logística,95.2,11.19,10.46,0.94,201348000.0,101201.0,1,781.7,99.86,12.77,0.0
VVCR11,Títulos e Val. Mob.,20.8,11.55,7.95,0.93,38476400.0,66019.0,0,0.0,0.0,0.0,0.0
VVPR11,Híbrido,101.5,8.99,0.0,1.04,234036000.0,0.0,6,5334.39,526.7,9.87,0.0
VVRI11,Híbrido,97.01,10.23,10.66,1.02,38804000.0,133461.0,1,4759.91,269.84,5.67,0.0
VXXV11,Outros,1020.0,-0.66,0.0,0.9,272795000.0,817120.0,0,0.0,0.0,0.0,0.0
WHGR11,Híbrido,9.76,10.91,11.66,0.98,244874000.0,743389.0,0,0.0,0.0,0.0,0.0
WPLZ11,Shoppings,66.81,7.98,7.35,0.77,71122500.0,4166.0,1,56.59,163.78,289.4,13.03
WSEC11,Títulos e Val. Mob.,83.99,13.05,15.15,0.83,20632200.0,12145.0,0,0.0,0.0,0.0,0.0
WTSP11,Híbrido,36.3,-12.07,8.33,0.5,36030100.0,9416.0,1,2941.76,230.96,7.85,5.22
XPCA11,Títulos e Val. Mob.,9.33,10.9,14.49,0.98,424730000.0,2066700.0,0,0.0,0.0,0.0,0.0
XPCI11,Títulos e Val. Mob.,87.72,11.49,12.72,0.94,763300000.0,2048000.0,0,0.0,0.0,0.0,0.0
XPCM11,Lajes Corporativas,10.12,18.08,9.09,0.25,24435400.0,39503.0,1,1177.44,0.0,0.0,85.0
XPHT11,Hotel,123.0,3.53,6.73,2.86,1133880000.0,0.0,12,3159.69,141.26,4.47,0.0
XPIN11,Outros,79.77,8.96,9.26,0.78,570389000.0,1020070.0,99,2161.3,206.38,9.55,12.53
XPLG11,Logística,109.92,7.44,7.28,1.0,3255090000.0,7375870.0,19,2511.49,201.23,8.01,4.11
XPML11,Shoppings,114.89,5.48,8.25,1.03,3541160000.0,12598700.0,12,6481.46,421.2,6.5,0.0
XPPR11,Outros,22.17,8.33,6.1,0.32,162200000.0,410277.0,5,2369.37,420.04,17.73,43.71
XPSF11,Títulos e Val. Mob.,8.37,10.74,10.22,0.99,362439000.0,641518.0,0,0.0,0.0,0.0,0.0
XTED11,Lajes Corporativas,8.82,3.54,0.0,0.65,87318000.0,0.0,1,8733.32,0.0,0.0,0.0
YCHY11,Híbrido,1000.0,1.12,0.0,9.84,3708170000.0,0.0,11,11868.8,112.0,0.94,0.0
YUFI11,Residencial,87.99,2.3,2.84,0.86,43348300.0,13.0,28,9505.78,972.79,10.23,0.0
ZAVI11,Híbrido,129.16,8.47,9.88,0.96,151546000.0,370656.0,9,1996.63,176.34,8.83,0.73
ZIFI11,Híbrido,849.0,-2.42,0.0,0.71,40314800.0,16918.0,0,0.0,0.0,0.0,0.0
